name,Neutre,Négatif,Positif
1785 Inn,4,12,0
1900 House,12,2,0
40 Berkeley Hostel,14,147,0
A Bed & Breakfast In Cambridge,18,36,1
A Swallow's Nest Motel,0,1,0
Abbeville Inn,1,0,0
Acorn Motor Inn,6,14,0
Adobe Nido Bed & Breakfast,1,0,0
Adria Motor Inn,0,1,0
Advance Motel,0,1,0
Agate Beach Motel,17,4,0
Albert's Motel,0,1,0
Alpine Motel,1,0,0
Alyssa's Motel,0,1,0
Ambassador Inn Albuquerque,2,3,0
Ambassadors Inn and Suites,8,96,0
Ambiance,2,0,0
America's Best Value Inn,2,9,0
American Star Inn and Suites Atlantic City,8,58,0
Americana Resort Properties,0,1,0
Americas Best Value Inn,66,501,0
Americas Best Value Inn - Medical Center/airport,25,53,0
Americas Best Value Inn and Suites,4,48,0
Americinn Coralville,19,91,0
Americinn Lodge & Suites Appleton,4,27,0
Americinn Lodge Suites Austin,18,13,0
Americinn Lodge Suites Oscoda - Ausable River,15,1,0
Americinn Lodge Suites Princeton,40,7,0
Americinn Lodge and Suites,0,1,0
Amerihost Inn,0,1,0
Amisos Hotel,6,26,0
Anaheim Marriott Suites,154,121,0
Anglers Inn,21,51,0
Antlers Inn,6,13,0
Arcola Inn,0,3,0
Arion,25,15,0
Arizona Inn of Prescott Valley,13,82,0
Arrowhead Motel and Rv Park,11,0,0
Aspen Alps,8,2,0
Aspen Haus Bed and Breakfast,15,5,0
Astro Motel,0,1,0
Atlanta Marriott Northwest At Galleria,0,1,0
Atlantic House,3,14,0
Avalon Hotel Group,0,1,0
Azul Beach Hotel By Karisma Gourmet Inclusive,5,11,0
Bailey Hotel,0,1,0
Bailey House Bed & Breakfast,17,8,0
Barber Joyce,0,1,0
Bay Haven Inn Bed Breakfast,0,1,0
Bay Shores Yachttennisclub 514 2 Br Condo By Redawning,10,1,0
Baymont Inn & Suites Griffin,34,37,0
Baymont Inn and Suites Boone,7,76,0
Baymont Inn and Suites Enid,19,27,0
Bayside Resort Hotel,60,92,0
Beach Cove 411 Tower A Sierra's 1 Bedroom Condo By Prista Management,35,36,0
Beach Haven Vacation Rental House,5,0,0
Beacon Motel,0,1,0
Bear Cove Inn,6,5,0
Bellaire Motel Lodge,0,2,0
Bent Elbow,3,8,0
Berkshire By The Sea A Vri Resort,8,2,0
Berney Fly Bed and Breakfast,26,11,0
Best Western,7,0,0
Best Western Burlington Inn,2,0,0
Best Western Eufaula Inn,11,8,0
Best Western Hartford Hotel & Suites,29,47,0
Best Western Holiday Hills,37,30,0
Best Western Hospitality Hotel and Suites,40,96,0
Best Western Hotel De Neuville,26,35,0
Best Western Hotel Goldenmile Milan,14,0,0
Best Western Knoxville Suites,24,54,0
Best Western Luxury Inn,2,1,0
Best Western Owasso Inn & Suites,3,12,0
Best Western Plus,4,0,0
Best Western Plus Arlington North Hotel and Suites,33,31,0
Best Western Plus Circle Inn,13,9,0
Best Western Plus French Quarter Landmark Hotel,105,110,0
Best Western Plus Humboldt House Inn,5,16,0
Best Western Plus Kelly Inn,55,66,0
Best Western Plus San Marcos Inn,35,86,0
Best Western Plus Waterville Grand Hotel,85,250,0
Best Western Plus-seaport Inn,4,0,0
Best Western Rama Inn & Suites,1,0,0
Best Western Saint-etienne Aeroport,14,30,0
Best Western Silicon Valley Inn,17,38,0
Best Western University Inn & Suites,23,15,0
Best Western of Long Beach,86,231,0
Bethesda Gardens,0,1,0
Big Mountain Lodge,14,26,0
Blue Boar Inn,13,4,0
Blue Jay Motel,24,2,0
Blue Top Inn,2,8,0
Boardroom Motel,3,9,0
Body Tuneup,0,1,0
Boiling Springs Resort Canoe Rental,1,3,0
Bosselmans Pump Pantry Motel,1,1,0
Brasstown Valley Golf Club,0,2,0
Breakers Hotel,0,2,0
Briarcliff,11,1,0
Bridgetown Mill House Restaurant Inn,5,6,0
Brightwood Inn Country Inn,20,2,0
Brooks Donald L Jr,0,1,0
Brookside Motel,0,1,0
Budget Host,0,1,0
Budget Host Inn,5,6,0
Budget Inn,8,8,0
Budget Inn South,0,3,0
Budget Inn-santa Maria,0,1,0
Busy B Ranch,0,1,0
Cadillac Motel,0,1,0
Cal Neva Resort,0,1,0
Calloway Inn,0,1,0
Cambria Hotel & Suites,40,26,0
Camelback Resort Aquatopia Indoor Waterpark,1,2,0
Campanile Lyon Ecully,7,40,0
Campus Inn & Suites Eugene Downtown,17,77,0
Candlewood,0,1,0
Candlewood Suites Eugene Springfield,16,6,62
Candlewood Suites Fort Smith,2,0,0
Candlewood Suites Huntersville,33,34,0
Candlewood Suites Indianapolis Northwest,12,11,0
Candlewood Suites Lexington,27,10,0
Candlewood Suites Oklahoma City-moore,54,10,0
Candlewood Suites Olathe,4,7,0
Candlewood Suites West Springfield,6,18,0
Canyon Gate Motel,3,8,0
Carleton Hotel,0,1,0
Casa Del Mar Inn Bandb,27,68,0
Cascabel,0,1,0
Casino Queen Rv Park,1,0,0
Castle Kona Reef,13,52,0
Cedar Crest Inn,0,2,0
Centennial Bed and Breakfast,3,6,0
Central House,0,2,0
Chalet Leon At Hector Falls,0,1,0
Chalfant House,0,1,0
Chelsea Inn,37,96,0
Cherokee Lodge Bed and Breakfast,47,38,0
Cherry Orchard Inn,8,64,0
Chippewa Hotel,0,1,0
Citrus Hills Lodge Hernando,1,0,0
City Express Irapuato,21,32,0
Clarion,1,0,0
Clarion Inn,2,8,0
Clarion Inn Strasburg - Lancaster,0,1,0
Clarion Suites Philadelphia,1,9,0
Clatskanie River Inn,31,22,0
Cliff's Motor Inn,0,1,0
Cliffrose Lodge Gardens,120,38,0
Cliffs 7305 By Redawning,4,9,0
Close For You,0,1,0
"Club Quarters, Rockefeller Center",0,1,0
Clubhouse At River Country Est,0,2,0
Colonial Inns of Ontario,0,1,0
Colonial Motel,0,1,0
Columbia Gorge Riverside Lodge,0,3,0
Comfort Hotel Bernau,0,1,0
Comfort Hotel Nation Pere Lachaise Paris 11,3,53,0
Comfort Inn,94,108,0
Comfort Inn & Suites,5,16,0
Comfort Inn - Springfield,25,59,0
Comfort Inn Birmingham - Irondale,15,58,0
Comfort Inn Deland - Near University,29,31,0
Comfort Inn Humboldt Bay,15,8,0
Comfort Inn Huntingdon,29,44,0
Comfort Inn Livermore,19,41,0
Comfort Inn Montgomery,9,43,0
Comfort Inn and Suites,49,77,0
Comfort Inn and Suites Bend,20,43,0
Comfort Inn and Suites O'fallon,7,40,0
Comfort Suites,126,200,0
Comfort Suites Fort Pierce,26,34,0
Comfort Suites Mount Vernon,7,3,0
Comfort Suites Shreveport,7,14,0
Comfort Suites South,2,3,0
Comfort Suites Southport,20,41,0
Concord Apartments By Boq Lodging,32,0,0
Corey Motel,0,1,0
Cougar Crest Lodge,10,0,0
Country Inn & Suites By Carlson,24,36,0
"Country Inn & Suites By Carlson, Rocky Mount, Nc",14,26,0
Country Inn Walker,52,28,0
Country Inn and Suites By Carlson,20,34,0
Country Inn and Suites By Carlson Charlotte University Place,41,44,0
Country Inn and Suites By Carlson Corbin,31,56,0
Country Inn and Suites By Carlson Galena,82,65,0
Country Inns Suites,0,4,0
Country Lodge Motel,3,7,0
Courtyard Burlington Harbor,34,34,0
Courtyard By Marriott,0,1,0
Courtyard By Marriott Downtown Boise,32,36,0
Courtyard By Marriott Rockaway Mount Arlington,33,37,0
Courtyard Columbus Worthington,7,21,0
Courtyard Hattiesburg,4,7,0
Courtyard San Marcos,7,3,0
Crestview Condominiums,10,2,0
Crossland Economy Studios - Lake Charles - Sulphur,2,61,0
Crossroads Hotel,0,1,0
Cypress Suites,0,1,0
Dallas/fort Worth Marriott Solana,29,22,0
Davison St Guest House,0,1,0
Days Inn,12,19,0
Days Inn & Suites Castle Rock,8,94,0
Days Inn & Suites Vicksburg,1,0,0
Days Inn Bangor Airport,16,39,0
Days Inn Barstow,1,4,0
Days Inn Berea Ky,1,0,0
Days Inn Bloomington,4,13,0
Days Inn Bowling Green,1,33,0
Days Inn Branson / Near The Strip,15,42,0
Days Inn Branson Mo,1,0,0
Days Inn Brookings,0,53,0
Days Inn El Reno Ok,4,27,0
Days Inn Fort Wayne,6,64,0
Days Inn Geneva,1,5,0
Days Inn Kuttawa,13,15,0
Days Inn Lanham Washington Dc,9,60,0
Days Inn Lincolnton,3,16,0
Days Inn Marion,0,1,0
Days Inn Newton,3,0,0
Days Inn North Columbia Ft. Jackson,9,51,0
Days Inn Ruther Glen Kings Dominion Area,3,51,0
Days Inn Statesville,1,0,0
Days Inn Suites,0,1,0
Days Inn Tallulah,1,0,0
Days Inn Warren,33,82,0
Days Inn West Memphis,16,64,0
Days Inn and Suites Albany,5,106,0
Days Inn-amarillo-medical Ctr,1,0,0
Dead Broke Inn,0,1,0
Deluxe Inn Merrillville,1,6,0
Desert Motel Restaurant,1,0,0
Desert Sands Motel,0,9,0
Discovery Inn,9,65,0
Dockers Inn,58,79,0
Dor-shada Resort By The Sea,2,9,0
Double Eagle Hotel and Casino,14,31,0
Doubletree By Hilton Hotel Bay City - Riverfront,146,81,0
Doubletree By Hilton West Palm Beach Airport,129,147,0
Drury Inn & Suites San Antonio Northwest Medical Center,2,0,0
Drury Inn & Suites Sikeston,31,7,0
Drury Inn and Suites Columbus Convention Center,131,69,0
Durango Travelodge,7,68,0
Eaglecrest Ski Area,15,7,0
East Side Motel Cabins,2,0,0
Econo Lodge,54,27,0
Econo Lodge Bellmawr,8,49,0
Econo Lodge Big Spring,1,0,0
Econo Lodge Inn & Suites,1,0,0
Econo Lodge Miles City,19,58,0
Econo Lodge St Robert,4,18,0
Economy Inn,3,31,0
Economy Motel,0,1,0
Eden Park Guest House,1,13,0
Edgewater Inn & Cottages,0,1,0
El Cortez,1,9,0
El Dorado Seaside Suites By Karisma - All Inclusive,21,14,0
Elba Sara Beach & Golf Resort,11,26,0
Eldorado Inn,4,7,0
Eldorado Suites Hotel,44,14,0
Elk Springs Resort,121,45,0
Embassy Suites By Hilton Houston Downtown,36,0,0
Enchanted Castle Hotel,3,0,0
Equestrian Estates Horse Farm Bed and Breakfast,8,5,0
Excellence Riviera Cancun - Adults Only - All Inclusive,56,8,0
Extended Stay America,1,3,0
Extended Stay America - Bloomington - Normal,2,0,0
Extended Stay America - Chicago - Westmont - Oak Brook,9,54,0
Extended Stay America - Columbia - Northwest Harbison,22,52,0
Extended Stay America - Fort Lauderdale - Davie,12,63,0
Extended Stay America - Los Angeles - Ontario Airport,1,0,0
Extended Stay America - Orlando Theme Parks - Vineland Rd.,17,76,0
Extended Stay America - Raleigh - Cary - Regency Parkway S,8,57,0
Extended Stay America - Rockford - I-90,23,48,0
Extended Stay America Grand Rapids - Kentwood,0,2,0
Extended Stay America Philadelphia - Exton,0,2,0
Extended Stay America Princeton - West Windsor,0,2,0
Extended Stay America San Diego - Carlsbad Village By The Sea,7,22,0
Fairbridge Inn,6,60,0
Fairfield Inn & Suites Atlanta Perimeter Center,25,58,0
Fairfield Inn & Suites Des Moines Airport,3,3,0
Fairfield Inn & Suites Peoria East,20,14,0
Fairfield Inn By Marriott Binghamton,25,38,0
Fairfield Inn Saginaw,44,40,0
Fairfield Inn Suites Chattanooga South/east Ridge,13,19,0
Fairfield Inn Suites Spearfish,5,15,0
Fairfield Inn and Suites By Marriott Idaho Falls,22,24,0
Fairfield Inn and Suites By Marriott Plainville,32,25,0
Fairfield Inn/suites-marriott,1,0,0
Falls Motel,6,5,0
Fh Hotel Villa Fiesole,34,23,0
Fiesta Inn Centro Historico,43,30,0
Fiesta Inn and Suites,15,531,0
Fireline Hotel,0,4,0
Fireside Inn Santa Cruz,9,62,0
Fitzgerald's Restaurant,0,2,0
Five Seasuns Bed & Breakfast Inn,6,6,0
Forest Hill Inn,4,3,0
Fort Conde Inn,21,6,0
Fort's Cedar View,1,0,0
Four Points By Sheraton Memphis Southwind,9,7,0
Four Points-kansas,1,0,0
Four Seasons Country Inn,7,10,0
Four Seasons Hotel St. Louis,82,25,0
Foxburg Inn,0,1,0
Frontier Cabins Motel,0,1,0
Garden Bed and Breakfast,3,1,0
Garden of The Gods Club & Resort,130,42,0
Gardena Terrace Inn,35,96,0
Gateway Studios,0,1,0
Glendale Gaslight Inn,1,1,0
Good Nite Inn Rohnert Park,37,123,0
Gooding Hotel Bed Breakfast,7,3,0
Gran Melia Victoria,50,17,0
Grand Hotel Cadenabbia,9,47,0
Grandison Bed Breakfast,1,0,0
Great American Inn Suites,1,9,0
Great Basin Inn,1,9,0
Greektown Casino,2,0,0
Greenstay Hotel and Suites,47,31,0
Gresham Area Hotels,0,1,0
Haltom Inn,2,23,0
Hampton Inn,1,2,0
Hampton Inn & Suites Crescent City,1,0,0
Hampton Inn & Suites Douglas,0,1,0
Hampton Inn & Suites Fort Worth-west-i-30,76,27,0
Hampton Inn & Suites Millington,4,0,0
Hampton Inn & Suites Syracuse/carrier Circle,15,6,0
Hampton Inn & Suites-downtown-tutwiler,58,42,0
Hampton Inn Abilene,58,64,0
Hampton Inn Bloomington West,30,20,0
Hampton Inn Dublin,35,43,0
Hampton Inn Fayetteville Fort Bragg,40,55,0
Hampton Inn Ft Chiswell,16,22,0
Hampton Inn Grand Junction Downtown/historic Main Street,21,39,0
Hampton Inn Jackson Hole,1,0,0
Hampton Inn New Orleans - Downtown,47,20,0
Hampton Inn Roanoke/salem,8,4,0
Hampton Inn Rockford,25,7,0
Hampton Inn Sarasota - I-75 Bee Ridge,54,113,0
Hampton Inn Suites Columbus,5,5,0
Hampton Inn Tucson-airport,105,79,0
Hampton Inn Virginia Beach Oceanfront North,173,97,64
Hampton Inn Waco,1,0,0
Hampton Inn and Suites Annapolis,74,97,0
Hampton Inn-st Robert,1,0,0
Hamton Inn New Orleans Westbank,0,1,0
Happy Tails Hotel & Playland,15,0,0
Harrah's Laughlin Hotel and Casino,24,84,0
Hawthorn Suites By Wyndham Livermore Wine Country,36,49,0
Hawthorn Suites Dayton North,4,50,0
Helios Resort,0,2,0
Hi-way Inn of Kiowa,0,1,0
High Desert Motel,5,15,0
Hilton Americas-houston,9,7,0
Hilton Garden Inn Austin Nw - Arboretum,30,33,0
Hilton Garden Inn Burlington Downtown,6,14,0
Hilton Garden Inn Kauai Wailua Bay,16,22,0
Hilton Garden Inn Oconomowoc,30,29,0
Hilton Princess San Pedro Sula,61,19,0
Hilton San Diego Airport/harbor Island,40,47,0
Hilton Santo Domingo,26,25,0
Hitching Horse Inn,5,3,0
Holiday Inn,0,2,0
Holiday Inn & Suites Green Bay Stadium,28,0,0
Holiday Inn Canyon De Chelly,27,49,0
Holiday Inn Express,6,1,0
Holiday Inn Express & Suites Bay City,6,27,0
Holiday Inn Express & Suites Crossville,29,25,0
Holiday Inn Express & Suites Lawrence,1,0,0
Holiday Inn Express & Suites Lenoir City (knoxville Area),9,26,0
Holiday Inn Express & Suites Phoenix Downtown - Ballpark,43,34,0
Holiday Inn Express & Suites Portland,9,10,0
Holiday Inn Express & Suites South Portland,1,0,0
Holiday Inn Express & Suites Weslaco,1,0,0
Holiday Inn Express & Suites West Monroe,27,65,0
Holiday Inn Express & Suites Willows,1,0,0
Holiday Inn Express - Harrisburg East,42,72,0
Holiday Inn Express - Hillsboro,31,23,0
Holiday Inn Express Atlanta Ne - I-85 Clairmont,11,0,0
Holiday Inn Express Colton-riverside North,15,71,0
Holiday Inn Express Dahlonega,43,62,0
Holiday Inn Express Eagle,4,0,0
Holiday Inn Express Gatesville,0,1,0
Holiday Inn Express Grove City (outlet Center),21,21,0
Holiday Inn Express Henderson,1,0,0
Holiday Inn Express Hotel & Suites Bloomington-normal,3,0,0
Holiday Inn Express Hotel & Suites Chicago-deerfield/lincolnshire,10,5,0
Holiday Inn Express Hotel & Suites Emporia,28,31,0
Holiday Inn Express Hotel & Suites Hillview,3,0,0
Holiday Inn Express Hotel Suites Cookeville,0,2,0
Holiday Inn Express Hotel Suites Sedalia,4,6,0
Holiday Inn Express Hotel and Stes Port Clinton-catawba Island,30,58,0
Holiday Inn Express Hotel and Suites Cambridge,57,125,0
Holiday Inn Express Hotel and Suites Hesperia,32,44,0
Holiday Inn Express Hotel and Suites Meadowlands Area,42,28,0
Holiday Inn Express Hotel and Suites Memphis Southwind,21,45,0
Holiday Inn Express Hotel and Suites Raleigh-wakefield,46,28,0
Holiday Inn Express Hotel and Suites Va Beach Oceanfront,67,101,61
"Holiday Inn Express Howe (sturgis, Mi)",3,0,0
Holiday Inn Express Lubbock South,5,5,0
Holiday Inn Express Pinetop,1,0,0
Holiday Inn Express San Clemente,76,75,0
Holiday Inn Express Suites Floresville,0,1,0
Holiday Inn Express Suites Woodland Hills,12,0,0
Holiday Inn Express and Suites Canyonville,26,27,0
Holiday Inn Express and Suites Gahanna/columbus Airport E,35,42,0
Holiday Inn Fond Du Lac,40,113,0
Holiday Inn Lumberton North - I-95,15,0,0
Holiday Inn Manhattan 6th Ave - Chelsea,67,10,0
Holiday Inn Rutland-killington Area,2,0,0
Holiday Inn Spearfish-convention Center,1,2,0
Holiday Inn Victorville,26,45,0
Holiday Inn-bayside,2,0,0
Homeplace Inn and Suites,1,0,0
Homestead Studio Suites,1,0,0
Hometown Inn,2,11,0
Homewood Suites,0,2,0
Homewood Suites - Mall of America,31,27,0
Homewood Suites By Hilton,12,0,0
Homewood Suites By Hilton Albuquerque - Journal Center,24,25,0
Homewood Suites By Hilton Indpls Airport / Plainfield In,22,22,0
Homewood Suites Dallas-market Center,14,6,0
Hotel Adler Cavalieri,30,26,0
Hotel An Der Philharmonie,13,44,0
Hotel Aura Sfo,29,67,0
Hotel Borgo Verde,14,26,0
Hotel Casena Dei Colli,14,50,0
Hotel Columbia,34,12,0
Hotel Corpus Christi,0,2,0
Hotel De La Ville,46,16,0
Hotel Deca - A Noble House Hotel,95,142,0
Hotel Eug��ne En Ville,38,27,0
Hotel Garibaldi,14,46,0
Hotel Guadalmedina,9,0,0
Hotel Lavonia,5,32,0
Hotel Mc Call,13,13,0
Hotel Metropole,45,16,0
Hotel Millersburg,11,12,0
"Hotel Monaco Chicago, A Kimpton Hotel",7,3,0
Hotel Olcott,2,0,0
Hotel Portaventura,17,42,0
Hotel Relais De Margaux Golf and Spa,24,41,0
Hotel Roc Flamingo,12,57,0
Hotel Roc Lago Rojo,12,46,0
Hotel Russo Palace,16,41,0
Hotel Silken Siete Coronas,40,43,0
Hotel Valencia Santana Row,115,82,0
Hotel Vier Jahreszeiten KÜhlungsborn,16,35,0
Hotel Vorbach,9,28,0
Howard Johnson,1,3,0
Howard Johnson Gallup,1,0,0
Howard Johnson Inn - Newburgh,58,656,0
Howard Johnson Inn Columbia,8,73,0
Hudson Hotel - Book Direct,48,0,0
Hunting Lodge,0,1,0
Hyatt Centric Arlington,5,5,0
Hyatt Dulles,31,1,0
Hyatt House Colorado Springs,43,38,0
Hyatt Place Atlanta/alpharetta/north Point Mall,81,64,0
Hyatt Place Pittsburgh Cranberry,50,45,0
Hyatt Place San Antonio Airport - Quarry Market,34,75,0
Hyatt Place Utica,38,32,0
Hyatt Regency Kathmandu,5,3,49
Hyatt Regency Reston,1,0,0
H��tel Les Bruy��res,15,20,0
H��tel Marinca and Spa,3,5,0
H��tel Sezz Paris,26,23,0
Ibis Wuerzburg City,11,51,0
Ihg,8,2,0
Inn & Suites,13,0,0
Inn At Mendenhall,35,24,0
Inn At Queen Anne,6,110,0
Inn At The River,0,1,0
Innisbrook,31,30,0
Innpoints Worldwide,2,0,0
Inroads Ireland Tours,1,0,0
Inter-hotel Orl��ans Nord,7,51,0
Intercontinental Hotels Resorts,0,1,0
Intermezzo,0,1,0
Intown Suites El Paso,0,7,0
Intown Suites Nashville North,1,3,0
Inturotel Esmeralda Park,29,21,0
Ip Casino Resort Spa,176,216,0
Irish House Hotel,0,1,0
Jacksonville Plaza Hotel and Suites,69,195,0
Janmere Motel,3,7,0
Jellico Days Inn North Tennessee,1,0,0
Juniper Lane Guest House,8,3,0
Jvd Hotels,5,54,0
Kaier Mansion,0,1,0
Key West Inn - Clanton,2,8,0
Keyser Inn Inc,0,1,0
Kilauea Lodge Restaurant,1,0,0
Kit Carson Lodge Restaurant,0,1,0
Knights Inn,1,1,0
Knights Inn - Wilmington,0,1,0
Knights Inn Aiken,2,33,0
Knights Inn Amarillo Airport,0,21,0
Knights Inn Carmel Hill,17,64,0
Knights Inn Durango Co,0,1,0
Knights Inn Eau Claire,2,54,0
Knights Inn New Castle/wilmington,0,3,0
Koehne Dexter Terrie,0,1,0
La Brea Hotel,0,1,0
La Playa,0,1,0
"La Posada Lodge & Casitas, An Ascend Hotel Collection Member",0,2,0
La Quinta,2,6,0
La Quinta Inn,1,0,0
La Quinta Inn & Suites Auburn,30,18,0
La Quinta Inn & Suites Bryant,54,15,0
La Quinta Inn & Suites Chicago Tinley Park,1,0,0
La Quinta Inn & Suites Dublin,38,39,0
La Quinta Inn Auburn Worcester,18,138,0
La Quinta Inn Calhoun,43,43,0
La Quinta Inn and Suites Hopkinsville,28,38,0
La Quinta Inn and Suites Meridian,21,80,0
La Quinta Inn and Suites Miami Cutler Bay,18,51,0
La Quinta Inn and Suites Nashville Franklin,28,99,0
La Quinta Inn and Suites Sunrise,46,120,0
La Quinta Inn and Suites Tucson - Reid Park,25,49,0
La Quinta Inn-houston,11,0,0
Lake Hill Cabins,0,1,0
Lake Motel,11,10,0
Lake Raystown Resort Lodge & Conference Center,4,0,0
Lakeview Lodge,1,1,0
Lakeway Resort & Spa,77,45,0
Lamothe House,49,48,0
Landmark Inn Lakes-mountain Region,0,1,0
Laurel Manor Motel,0,1,0
Lazy T Motel,0,2,0
Leakey Springs Cabins,0,1,0
Lewis River Inn,12,18,0
Lexington Inn,0,1,0
Liberty Lodge,0,1,0
Lighthouse Motel,0,3,0
Lindy Motel,0,2,0
Little Belt Inn Neihart,0,2,0
Little Paradise Hotel,17,4,0
Longville Inn,4,3,0
Magnuson Hotel Summerton,0,3,0
Magton Inc,0,1,0
Main Street Bed & Breakfast,12,1,0
Mainsail Motel & Cottages,14,4,0
Mandarin Oriental Hotel Group,0,1,0
Mandarin Oriental Jakarta,61,22,0
Manor Vail Lodge,2,3,0
Mansfield Plantation Inc,12,3,0
Mar Mar Resort Tackle,0,4,0
Marquesa Hotel & Cafe Marquesa,4,0,0
Marriott Hotels Resorts Suites,5,0,0
Marriott Springhill Marina,0,1,0
Marriott's Mountainside At Park City,26,30,0
Martin Mason Hotel,19,9,0
Marylander Hotel Condo,5,8,0
Masters Inn,0,2,0
Mccamly Plaza Hotel,25,60,0
Meadow Farm Bed and Breakfast,8,2,0
Melia Paris Champs-elys��es,15,39,0
Melody Lodge Cabins,0,1,0
Menehune Reservations,4,5,0
Mercure Curitiba Golden Hotel,22,33,0
Mericana Motel,0,1,0
Merritt House Inn,22,38,0
Miami Executive Hotel,2,0,0
Microtel Inn,2,0,0
Microtel Inn By Wyndham Knoxville,12,89,0
Microtel Inn By Wyndham Southern Pines,3,5,0
Microtel Inn Suites By Wyndham San Antonio By Seaworld,23,21,0
Microtel Inn and Suites By Wyndham Burlington,14,60,0
Microtel of Ste Genevieve,5,0,0
Midvalley Motel,0,1,0
Milliken Creek Inn,7,0,0
Mineola Motel,2,0,0
Miramar Boutique Hotel,19,15,0
Miss Kitty's Boarding House,0,1,0
Mission Sands Vacation Rentals,6,0,0
Monarch Inn,5,65,0
Monarch of Rancho Mirag,2,5,0
Monterey Beach Dunes Inn,13,66,0
Motel 6,10,14,0
Motel 6 Fort Bragg,1,19,0
Motor Inns of America,0,10,0
Mountain Lodge At Telluride - A Noble House Resort,124,77,0
Mountaintop Lodge Bed Breakfast,0,1,0
Mt Gardner Inn,29,2,0
Mt. Washington Bed and Breakfast,10,6,0
Nantahala Cabins Inc,0,1,0
Narcis,3,7,0
Nesco Manor Hotel,0,1,0
New York Marriott Marquis,189,131,0
Newark Budget Inn,0,1,0
"Nippersink Country Club, Inc.",6,7,0
North Country Inn B & B,8,6,0
Norwood Inn and Suites,0,65,0
Noyo Harbor Inn,0,1,0
Ocean Breeze Motel Apts,0,2,0
Octagon Inn,2,0,0
Old Saco Inn Bed & Breakfast,0,2,0
Old Wheeler Hotel,0,4,0
Olde Bridge Inn,0,1,0
Osage Village Inn,7,10,0
Outside Inn,0,2,0
P K Motel,0,1,0
Palm Suites,22,79,0
"Palomar Washington Dc, A Kimpton Hotel",1,1,0
Park Terrace Suites,0,2,0
Parkside Inn At Incline,21,59,0
Parkway Inn Jellico,0,2,0
Patalya Thermal Resort,1,9,0
Patriots Inn,6,5,0
Pavilion Lodge,0,1,0
Pelican Shores Inn,11,14,78
Penzion Accom,1,3,0
Petretti Apartments,1,1,0
Pheasant Manor,0,1,0
Pillar Hotels Resorts,0,1,0
Pine Motel,0,1,0
Pine Needles Golf Course,0,1,0
Pine Shadows Motel,0,1,0
Pizza Hut,0,5,0
Plantation Inn,0,3,0
Plaza Hotel and Casino - Las Vegas,59,230,0
Point Randall Resort,20,1,0
Polynesian Plaza,2,19,0
Port-o-call Motel,0,1,0
Porto Vista Hotel,1,3,0
Profile Deluxe Motel,17,5,0
Progress Management Co,0,1,0
Protection Motel,0,1,0
Pueblo Bonito Sunset Beach Resort & Spa - All Inclusive,47,73,0
Pullman Rail Journeys,10,6,0
Quality Inn,22,117,0
Quality Inn & Suites,20,48,0
Quality Inn & Suites - Riverfront,0,1,0
Quality Inn & Suites Hanes Mall,8,13,0
Quality Inn & Suites Historic St. Charles,1,0,0
Quality Inn Gulfport,10,53,0
Quality Inn Johnson City,15,48,0
Quality Inn Long Beach Airport,8,83,0
Quality Inn Near Six Flags,12,33,0
Quality Inn Spearfish,15,32,0
Quality Inn and Suites,23,161,0
Quality Inn and Suites Big Rapids,21,54,0
Quality Inn and Suites Eugene-springfield,21,35,0
Quality Inn and Suites Irvine Spectrum,22,98,0
Quality Suites Intercontinental Airport West,23,46,0
Quinta Real Acapulco,26,31,0
Radisson Blu Conference and Airport Hotel,16,39,0
Radisson Hotel Hauppauge-long Island,0,2,0
Rainbow Motel,0,2,0
Raintree Inn,3,9,0
Ramada,22,47,0
Ramada Inn,0,4,0
Ramada Vandalia,24,60,0
Rangeland Court Motel & Rv,8,2,0
Rapid City Days Inn,1,2,0
Raton Pass Inn,10,3,0
Red Banks Motel,1,1,0
Red Carpet Inn,0,16,0
Red Fox Motel,0,1,0
Red Lion Anaheim Maingate Hotel,1,2,0
Red Rest Inn,7,49,0
Red Roof Inn,0,2,0
Red Roof Inn Cedar Rapids,4,103,0
Red Roof Inn Erie,112,131,0
Red Roof Inn Somerset,10,0,0
Red Roof Inn St Louis - Troy,29,63,0
Regency Inn Motel,1,1,0
Relax Inn,2,1,0
Residence Inn Billings,18,21,0
Residence Inn Burlington Colchester,11,9,0
Residence Inn By Marriott Deptford,23,36,0
Residence Inn By Marriott Fort Lauderdale Weston,52,36,0
Residence Inn By Marriott Hartford Downtown,33,18,0
Residence Inn By Marriott Irvine John Wayne Airport,52,42,0
Residence Inn By Marriott Springdale,33,21,0
Residence Inn By Marriott Tucson Williams Centre,19,5,0
Rideout's Lakeside Lodge Cottages,0,1,0
Rips Country Inn,49,0,0
Ritz Hotel,0,1,0
River Oaks Golf Villas,0,1,0
Riverside Lodge,0,1,0
Riverside Motel and Cabins,1,0,0
Robins Roost Cabins,0,1,0
Rock A Bye Inn,0,1,0
Rodeway Inn,11,22,0
Rodeway Inn Airport,1,0,0
Rodeway Inn Bushnell,1,0,0
Rodeway Inn Near Venice Beach,0,1,0
Rodeway Inn-tacoma,3,0,0
Roy-el Motel,0,1,0
Royal Dutch Inn,1,3,0
Royal Inn,5,5,0
Royal Inn Motel,1,0,0
Rustic Inn,2,9,0
Saco River Recreational Council,0,1,0
Saddleback Motor Inn,0,1,0
Sam's Town Hotel & Gmblng Hall,1,0,0
Samui Cliff View Resort & Spa,6,18,0
Sand Dunes Motel,0,1,0
Sand's Motel,2,2,0
Sands Central Inn Hot Springs,1,3,0
Savaii Roberts Motels,0,1,0
Scenic View Motel,1,0,0
School House Motel,0,1,0
Sci�� On Martin,1,5,0
Sea View Motel,14,21,0
Seaside Oceanfront Inn & Restaurant,1,0,0
Seiling Motel,3,4,0
Shamrock Hill Inn,0,1,0
Sheraton Baltimore North Hotels,0,1,0
Sheraton Mission Valley San Diego Hotel,5,11,0
Sheraton Offenbach Hotel,15,39,0
Sherwood Hills Resort,1,0,0
Shoshone Lodge,0,1,0
Sids Resort,0,1,0
Silver Run Cabins,13,0,0
Simoni's Fremont Inn,0,1,0
Simpson House Inn,106,20,0
Sir Walter Raleigh Inns of Greenbelt,0,1,0
Skidway Lake Motel,3,3,0
Sky Vue Motel,0,1,0
Sky-lit Motel,0,2,0
Sleep Inn,2,0,0
Sleep Inn At Harbour View,23,52,0
Sleep Inn Slidell,17,37,0
Solstice,14,100,0
Sombrero Resort and Marina,11,91,0
Sonoma Coast Villa Spa,10,0,0
Southside Motel,4,6,0
Spinners Tailspin Inn,1,0,0
Spirit Tree Inn B & B,22,0,0
Sportsmen Motel,1,0,0
Sportsmen's Lodge,19,136,0
Spring Bay Inn,0,1,0
Spring Fountain Motel,0,1,0
Springhill Suites,0,1,0
Springhill Suites By Marriott Sarasota Bradenton,8,22,0
Springhill Suites By Marriott South Bend/mishawaka,5,0,0
Springhill Suites Columbia,39,42,0
Springhill Suites Marriott Colorado Springs South,14,12,0
Spruce Meadow Cabins,0,2,0
Starwood Resorts Hotel,0,1,0
Stay Inn,0,1,0
Staybridge Suites Chicago - Glenview,18,24,0
Staybridge Suites Tyler University Area,18,10,0
Sterling Motel,0,5,0
Stirling City Hotel,0,1,0
Stratford Inn,0,1,0
Studio 6,0,4,0
Suburban Extended Stay Warner Robins,3,16,0
Suburban Extended Stay of Memphis Bartlett,2,22,0
Summit At Big Sky,18,13,0
Sumner Motor Inn,5,5,0
Sunset Inn,2,12,0
Sunset Inn-yosemite Cabins,0,1,0
Super 8,2,16,0
Super 8 - Effingham,15,54,0
Super 8 - Upland,3,61,0
Super 8 Alamosa,12,20,0
Super 8 Batesville Ar,8,61,0
Super 8 Belle Fourche,4,60,0
Super 8 Big Cabin Vinita Ok,17,63,0
Super 8 Blackwell Ok,9,22,0
Super 8 Bradenton Sarasota Area,7,55,0
Super 8 Carlisle-south,0,1,0
Super 8 Chicago O'hare Airport,2,0,0
Super 8 Cloquet,5,15,0
Super 8 Columbia Dwntwn Sc,0,22,0
Super 8 Columbia East,4,12,0
Super 8 Crete Ne,6,31,0
Super 8 Dallas South,11,46,0
Super 8 Elko Nv,10,66,0
Super 8 Fort Collins,12,77,0
Super 8 Gretna,2,16,0
Super 8 Indianapolis,12,54,0
Super 8 Ithaca,14,63,0
Super 8 Kansas City Airport,5,66,0
Super 8 Kingston,8,38,0
Super 8 Longmont / Del Camino,4,32,0
Super 8 Madison,12,38,0
Super 8 Manhattan Ks,12,55,0
Super 8 Metropolis,20,68,0
Super 8 Motel Fairmont,5,16,0
Super 8 Opelousas,2,4,0
Super 8 Pittsburgh/monroeville,6,48,0
Super 8 Sallisaw,1,0,0
Super 8 Schenect/albany Area,13,71,0
Super 8 Van Horn,1,0,0
Super 8 Worthington Minnesota,4,46,0
Sutton Bay Resort,5,0,0
Sybaris Pool Suites,6,0,0
Terrace Inns Suites,0,1,0
Terry Peak Ski Area,0,2,0
Texan Inn,1,0,0
The Abbey Resort,46,4,0
"The Alexandrian, Autograph Collection",751,434,0
The Amble Inn,0,1,0
The Bluffs Inn Suites,0,1,0
The Booker-lewis,7,4,0
The Chestnut Boutique Hotel,13,13,0
"The Citizen Hotel, Autograph Collection",33,15,0
The Concorde Inn,1,11,0
The Dec,0,1,0
The Desmond House Bed & Breakfast,0,1,0
"The Golden Hotel, An Ascend Hotel Collection Member",0,1,0
The Governor Hotel,10,15,0
The Grove Seaside Hotel,5,9,0
The Houstonian Hotel,49,15,0
The Inn @ St. Botolph,21,5,0
The Inn At Bella Vista,34,6,0
The Inn On Negley,28,0,0
The Jayakarta Bali,3,53,0
The Kingsport Inn,0,1,0
The Kinney - Venice Beach,15,33,0
The Lake Point Conference Center,5,5,0
The Litchfield Inn,0,13,0
The Merritt Center and Lodge,1,0,0
The Miner's Inn Motel Restaurant,0,1,0
The National Conference Center,10,39,0
The Parkview Memphis,0,1,0
The Point,11,1,0
"The Ritz-carlton Orlando, Grande Lakes",9,0,0
The Savoy Hotel,57,45,0
The Westin Buckhead,24,29,0
The Westin Europa and Regina,30,25,0
The White House Inn,0,1,0
Thunderbird Executive Inn and Conference Center,0,1,0
Tidewater Inn,34,146,0
Tiffany House Bed & Breakfast,0,1,0
Tmc Resort Rentals,0,1,0
Torian Plum By Wyndham Vacation Rentals,0,1,0
Town Country Motel,9,10,0
Towneplace Suites,0,1,0
Towneplace Suites Albany University Area,49,74,0
Townplace Suites By Marriott,0,1,0
Travelodge,1,1,0
Travelodge Anaheim Convention Center,11,130,0
Travelodge Ruther Glen,4,16,0
Travelodge Shakopee,2,11,0
Triangle Motel,0,1,0
Truckee Tahoe Htl Larkspur,0,1,0
Tryp Dusseldorf Krefeld Hotel,14,41,0
Tulip Inn Turin West,13,19,0
Turf Motel,5,16,0
Twelve Hotels & Residences,25,32,0
Twin Gables of Woodstock,5,6,0
Twin Pines Motel,2,7,0
Ubaa Old Crawford Inn,0,1,0
Una Hotel Forte Dei Marmi,16,34,0
Unionport Lodge No 333 F A M,0,1,0
Uptown Motel,0,7,0
Vacation Side Travel,4,0,0
Villa Carlotta,45,5,0
Village Lodge,3,10,0
Villager Inn Motel,0,2,0
Vista Hotel On Lake Tarpon,18,56,0
Wakonda Hotel & Bar,0,1,0
Wallowa Lake Vacation Rentals,0,1,0
Warwick Denver,23,48,0
Watermark Bed Breakfast,0,1,0
Websters Manor,18,5,0
Welcome Inn Apartments,0,1,0
West Side Motel,0,2,0
Western Inn-glacier Park,6,65,0
Westernaire Motel,1,1,0
White Cliff Manor Bed and Breakfast,9,1,0
Whiteface Chalet,0,2,0
Wilshire Inn Motel,0,2,0
Wine Valley Lodge,40,93,0
Wingate By Wyndham Chantilly / Dulles Airport,35,41,0
Wingate By Wyndham Lagrange,21,20,0
Wingate By Wyndham Pueblo,74,46,0
Wisconsin-aire Motel,5,2,0
Worldwide Hospitality Supply Company,0,1,0
Wyndham Resort At Fairfield Mountains,5,9,0
Wyndham Vacation Resorts Towers On The Grove,9,11,0
Yakima Inn,0,1,0
